{"booster": "gbtree", "lambda": 0.0004529532324838149, "alpha": 0.0012039005159942987, "subsample": 0.24781925755073497, "colsample_bytree": 0.7885926196317218, "depth": 3, "learning_rate": 0.05294365569966858, "l2_leaf_reg": 0.00044442028533589245, "colsample_bylevel": 0.30666781101715496, "scale_pos_weight": 1.5446600966556914, "num_leaves": 35, "feature_fraction": 0.3388464248507497, "bagging_fraction": 0.5071524364006164, "bagging_freq": 2, "min_child_samples": 6, "lambda_l1": 0.13208325678058377, "lambda_l2": 1.8544834855869115, "max_depth": 3, "min_child_weight": 3, "eta": 1.2981964801699263e-06, "gamma": 0.0013401469993387055, "grow_policy": "lossguide"}
