{"booster": "gbtree", "lambda": 0.9547974054238784, "alpha": 2.0490941262229558e-08, "subsample": 0.9155852200016482, "colsample_bytree": 0.9840525040227154, "depth": 3, "learning_rate": 0.08132319704086666, "l2_leaf_reg": 0.0009066966604390326, "colsample_bylevel": 0.762164091498079, "scale_pos_weight": 1.3436452852874714, "num_leaves": 51, "feature_fraction": 0.44366806110598284, "bagging_fraction": 0.12605477893155081, "bagging_freq": 9, "min_child_samples": 4, "lambda_l1": 8.720345487372953, "lambda_l2": 1.0716976746609727e-08, "max_depth": 9, "min_child_weight": 2, "eta": 1.8005499537585224e-08, "gamma": 2.598542756011022e-08, "grow_policy": "depthwise"}