{"depth": 3, "learning_rate": 0.05294365569966858, "l2_leaf_reg": 0.00044442028533589245, "colsample_bylevel": 0.30666781101715496, "scale_pos_weight": 1.5446600966556914}