{"num_leaves": 35, "feature_fraction": 0.3388464248507497, "bagging_fraction": 0.5071524364006164, "bagging_freq": 2, "min_child_samples": 6, "lambda_l1": 0.13208325678058377, "lambda_l2": 1.8544834855869115}